{"(59079200, 59103180)": 0.0, "(59079983, 59079984)": 0.0, "(59079983, 59112334)": 0.0, "(59079983, 59106124)": 0.0, "(59079984, 59125609)": 0.51, "(59079984, 59079983)": 0.0, "(59079984, 59125613)": 0.0, "(59080764, 59080765)": 0.34, "(59080764, 59082984)": 0.0, "(59080764, 59084990)": 0.0, "(59080765, 59080764)": 0.0, "(59080765, 59080775)": 0.51, "(59080765, 59095026)": 0.0, "(59080775, 59080788)": 0.0, "(59080775, 59080765)": 0.0, "(59080775, 59107322)": 0.68, "(59080788, 59080775)": 0.0, "(59080788, 59123873)": 0.0, "(59080788, 59095026)": 0.0, "(59081555, 59081564)": 0.17, "(59081564, 59081566)": 0.34, "(59081564, 59081555)": 0.0, "(59081564, 59095700)": 0.0, "(59081566, 59081564)": 0.0, "(59081566, 59112364)": 0.0, "(59081566, 59112347)": 0.0, "(59081605, 59096556)": 1.073716694115404, "(59081605, 59081615)": 0.0, "(59081605, 59123873)": 0.0, "(59081615, 59081625)": 0.0, "(59081615, 59081605)": 0.51, "(59081615, 59102119)": 0.0, "(59081625, 59081615)": 0.17, "(59081682, 59084990)": 0.0, "(59081682, 59084971)": 0.34, "(59081682, 59104191)": 0.0, "(59081782, 59081790)": 0.17, "(59081782, 59112364)": 0.0, "(59081782, 59146293)": 0.0, "(59081790, 9930802707)": 0.0, "(59081790, 59081782)": 0.0, "(59081790, 9930785225)": 0.3399999999999761, "(59081840, 59081845)": 1.1900000000000002, "(59081840, 59123827)": 0.0, "(59081840, 59101042)": 0.0, "(59081840, 59095757)": 0.0, "(59081845, 59081840)": 0.0, "(59081845, 59097341)": 1.36, "(59081845, 59097709)": 0.0, "(59082151, 4231830135)": 0.17, "(59082151, 59153773)": 0.0, "(59082151, 59153751)": 0.0, "(59082376, 59112870)": 0.34, "(59082376, 59123953)": 0.0, "(59082376, 59117103)": 0.0, "(59082984, 59080764)": 0.17, "(59084971, 59084975)": 0.68, "(59084971, 59140961)": 0.0, "(59084971, 59081682)": 0.0, "(59084975, 59084990)": 0.0, "(59084975, 59084971)": 0.0, "(59084975, 4230838774)": 1.02, "(59084990, 59104191)": 0.0, "(59084990, 59084975)": 0.17, "(59084990, 59080764)": 0.0, "(59084990, 59081682)": 0.0, "(59090484, 59123246)": 0.0, "(59091067, 59091076)": 0.17, "(59091076, 59091084)": 0.34, "(59091076, 59091067)": 0.0, "(59091076, 59101042)": 0.0, "(59091084, 59091076)": 0.0, "(59094292, 9930802712)": 0.0, "(59094292, 59118652)": 0.34, "(59094292, 59113590)": 0.0, "(59095026, 59080765)": 0.0, "(59095026, 59080788)": 0.0, "(59095026, 59123853)": 0.17, "(59095700, 59081564)": 0.0, "(59095757, 59095758)": 0.17, "(59095757, 59081840)": 0.0, "(59095757, 59125637)": 0.0, "(59095758, 59095757)": 0.0, "(59095758, 59125639)": 0.85, "(59095758, 59125637)": 0.0, "(59096556, 59081605)": 0.0, "(59096556, 59096570)": 0.0, "(59096556, 59123881)": 1.413716694115404, "(59096570, 59096556)": 0.17, "(59096600, 59096602)": 0.0, "(59096600, 59129064)": 0.17, "(59096600, 59116284)": 0.0, "(59096602, 59096600)": 0.0, "(59097341, 59081845)": 0.0, "(59097709, 59081845)": 0.0, "(59097709, 59125643)": 0.17, "(59101042, 59091076)": 0.0, "(59101042, 59081840)": 0.17, "(59101100, 59123246)": 0.0, "(59101385, 59101386)": 0.0, "(59101386, 59101385)": 0.85, "(59101386, 59101390)": 0.0, "(59101386, 59110431)": 0.0, "(59101390, 59140891)": 0.0, "(59101390, 59101386)": 0.68, "(59101390, 59145411)": 0.0, "(59102119, 59145427)": 0.0, "(59102119, 59081615)": 0.17, "(59102119, 59123873)": 0.0, "(59103172, 59103180)": 0.0, "(59103180, 59103172)": 0.0, "(59103180, 59140891)": 0.0, "(59103180, 59079200)": 0.1699999999999972, "(59104191, 59084990)": 0.0, "(59104191, 59081682)": 0.17, "(59104191, 59140912)": 0.0, "(59105503, 59105510)": 0.17, "(59105510, 59105503)": 0.0, "(59105510, 59145411)": 0.34, "(59105510, 59164150)": 0.0, "(59106124, 59106145)": 0.0, "(59106124, 59079983)": 0.0, "(59106124, 59128069)": 0.17, "(59106145, 59125609)": 0.0, "(59106145, 59125598)": 0.17, "(59106145, 59106124)": 0.0, "(59107322, 59080775)": 0.0, "(59108226, 59108232)": 0.0, "(59108226, 59116270)": 0.0, "(59108226, 59145427)": 0.34, "(59108232, 59108226)": 0.17, "(59108749, 59108758)": 0.17, "(59108749, 59108749)": 0.0, "(59108758, 59108749)": 0.0, "(59108758, 59110213)": 0.0, "(59108758, 59123881)": 0.34, "(59110213, 59110286)": 0.34, "(59110213, 59110218)": 0.0, "(59110213, 59108758)": 0.0, "(59110218, 59110213)": 0.17, "(59110286, 59110213)": 0.0, "(59110286, 59110295)": 0.0, "(59110286, 59123892)": 0.0, "(59110295, 59110286)": 0.17, "(59110347, 59110359)": 0.0, "(59110359, 59146308)": 0.0, "(59110359, 59110347)": 0.0, "(59110359, 59110368)": 0.16999999999999996, "(59110368, 59110359)": 0.0, "(59110368, 59146293)": 0.51, "(59110368, 59146308)": 0.0, "(59110431, 59101386)": 0.0, "(59112331, 59112334)": 0.0, "(59112331, 59123911)": 0.0, "(59112331, 59129085)": 0.17, "(59112331, 59125613)": 0.0, "(59112334, 59112337)": 0.17, "(59112334, 59112331)": 0.0, "(59112334, 59079983)": 0.0, "(59112337, 59112339)": 0.34, "(59112337, 59112334)": 0.0, "(59112337, 59129085)": 0.0, "(59112339, 59112341)": 0.51, "(59112339, 59112337)": 0.0, "(59112339, 59128065)": 0.0, "(59112341, 59112347)": 0.68, "(59112341, 59112339)": 0.0, "(59112341, 9936649913)": 0.0, "(59112347, 59081566)": 0.0, "(59112347, 59112341)": 0.0, "(59112347, 59124459)": 0.85, "(59112364, 59081782)": 0.0, "(59112364, 59081566)": 0.0, "(59112364, 9930785225)": 0.17, "(59112870, 59082376)": 0.0, "(59112870, 59153751)": 0.51, "(59112870, 59117109)": 0.0, "(59113454, 59133192)": 0.0, "(59113454, 59113465)": 0.0, "(59113454, 59133200)": 0.17, "(59113465, 59113454)": 0.0, "(59113590, 59120109)": 0.0, "(59113590, 9930802713)": 0.0, "(59113590, 59094292)": 0.17, "(59115071, 59115076)": 0.0, "(59115071, 59116687)": 0.34, "(59115071, 59115384)": 0.0, "(59115076, 59115071)": 0.0, "(59115076, 59129525)": 1.02, "(59115076, 59129518)": 0.0, "(59115372, 59125598)": 0.0, "(59115372, 59116687)": 0.0, "(59115377, 59146899)": 0.51, "(59115377, 59154485)": 0.0, "(59115377, 59115384)": 0.0, "(59115384, 59115071)": 0.17, "(59115384, 59115377)": 0.0, "(59115384, 59129518)": 0.0, "(59116270, 59116275)": 0.0, "(59116270, 59108226)": 0.0, "(59116270, 9941438054)": 1.02, "(59116275, 59116279)": 0.0, "(59116275, 59116270)": 0.85, "(59116275, 59123240)": 0.0, "(59116279, 59116284)": 0.0, "(59116279, 59116275)": 0.68, "(59116279, 59126206)": 0.0, "(59116279, 59146231)": 0.0, "(59116284, 59116286)": 0.0, "(59116284, 59116279)": 0.51, "(59116284, 59096600)": 0.0, "(59116286, 59116284)": 0.34, "(59116286, 59116291)": 0.0, "(59116286, 59129053)": 0.0, "(59116291, 59116298)": 0.0, "(59116291, 59116286)": 0.0, "(59116291, 59138750)": 0.0, "(59116291, 59125630)": 0.0, "(59116298, 59116291)": 0.0, "(59116298, 59125630)": 0.17, "(59116298, 59125620)": 0.0, "(59116298, 59116300)": 0.0, "(59116300, 59146257)": 0.0, "(59116300, 59116306)": 0.0, "(59116300, 59116298)": 0.0, "(59116306, 59146259)": 0.0, "(59116306, 59133185)": 0.17, "(59116306, 59116300)": 0.0, "(59116687, 59168031)": 0.0, "(59116687, 59115071)": 0.0, "(59116687, 59115372)": 1.02, "(59117099, 59117103)": 0.0, "(59117099, 59146264)": 0.17, "(59117103, 59117109)": 0.17, "(59117103, 59117099)": 0.0, "(59117103, 59082376)": 0.0, "(59117103, 59123932)": 0.0, "(59117109, 59117103)": 0.0, "(59117109, 59154488)": 0.34, "(59117109, 59112870)": 0.0, "(59117577, 59117596)": 0.0, "(59117596, 59117577)": 0.0, "(59117596, 59133212)": 0.0, "(59117596, 59158861)": 0.34, "(59118652, 59161664)": 0.0, "(59118652, 59094292)": 0.0, "(59118652, 9930802710)": 0.0, "(59120062, 59121412)": 0.0, "(59120062, 59120066)": 0.0, "(59120062, 59154488)": 0.34, "(59120066, 59120062)": 0.17, "(59120109, 59120113)": 0.0, "(59120109, 59113590)": 0.0, "(59120109, 59133777)": 0.17, "(59120113, 59120109)": 0.0, "(59120113, 59125598)": 0.17, "(59121412, 59120062)": 0.0, "(59121412, 59121420)": 0.0, "(59121412, 59168031)": 0.17, "(59121420, 59121412)": 0.17, "(59123240, 59126206)": 0.0, "(59123240, 59123246)": 0.34, "(59123240, 59116275)": 0.0, "(59123246, 59101100)": 0.0, "(59123246, 59090484)": 0.51, "(59123246, 59123240)": 0.0, "(59123827, 59081840)": 0.85, "(59123827, 59133185)": 0.0, "(59123827, 59156807)": 0.0,